City_ID,City,Country,Date,Lat,Lng,Max Temp,Humidity,Cloudiness,Wind Speed
0,Shimanovsk,RU,2021-04-24 19:20:14,52.0,127.7,31.1,53,0,7.87
1,Nikolskoye,RU,2021-04-24 19:20:15,59.7035,30.7861,39.2,70,20,4.47
2,Port-Gentil,GA,2021-04-24 19:20:15,-0.7193,8.7815,82.4,83,75,5.75
3,Hilo,US,2021-04-24 19:20:16,19.7297,-155.09,71.6,83,90,6.91
4,Bredasdorp,ZA,2021-04-24 19:20:16,-34.5322,20.0403,53.6,87,96,3.44
5,Peniche,PT,2021-04-24 19:20:16,39.3558,-9.3811,66.0,69,100,8.01
6,Doha,QA,2021-04-24 19:17:26,25.2867,51.5333,84.99,51,0,2.3
7,Dingle,PH,2021-04-24 19:20:17,10.9995,122.6711,76.06,85,100,1.12
8,Campoverde,PE,2021-04-24 19:20:17,-8.4753,-74.8058,89.6,62,40,8.05
9,Atuona,PF,2021-04-24 19:20:18,-9.8,-139.0333,80.74,72,0,20.49
10,Ribeira Grande,PT,2021-04-24 19:20:18,38.5167,-28.7,59.0,72,75,19.57
11,Samarai,PG,2021-04-24 19:20:19,-10.6167,150.6667,82.4,78,88,14.32
12,Santa,PH,2021-04-24 19:20:19,17.486,120.4348,72.28,80,5,3.18
13,Estelle,US,2021-04-24 19:20:19,29.8458,-90.1067,86.0,78,75,16.11
14,Hobart,AU,2021-04-24 19:16:50,-42.8794,147.3294,48.99,81,40,9.22
15,Nangong,CN,2021-04-24 19:20:20,37.3581,115.3744,54.12,75,100,8.59
16,Ushuaia,AR,2021-04-24 19:20:20,-54.8,-68.3,55.4,54,75,5.75
17,Champerico,GT,2021-04-24 19:20:21,14.3,-91.9167,87.8,62,75,4.61
18,Mar Del Plata,AR,2021-04-24 19:20:21,-38.0023,-57.5575,66.2,55,40,14.97
19,Charagua,BO,2021-04-24 19:20:21,-19.8,-63.2167,68.0,94,90,10.4
20,Jamestown,US,2021-04-24 19:20:22,42.097,-79.2353,63.0,30,1,6.91
21,San Rafael,AR,2021-04-24 19:19:33,-34.6177,-68.3301,67.91,43,10,7.67
22,Inhambane,MZ,2021-04-24 19:20:22,-23.865,35.3833,71.96,79,0,8.16
23,Mmabatho,ZA,2021-04-24 19:20:23,-25.85,25.6333,62.6,36,0,4.61
24,Avarua,CK,2021-04-24 19:20:23,-21.2078,-159.775,80.6,74,20,13.8
25,Cherskiy,RU,2021-04-24 19:20:24,68.75,161.3,17.47,95,95,10.33
26,Puerto Ayora,EC,2021-04-24 19:16:24,-0.7393,-90.3518,80.6,78,75,9.22
27,Bengkulu,ID,2021-04-24 19:20:24,-3.8004,102.2655,75.4,89,100,4.03
28,Mount Isa,AU,2021-04-24 19:20:25,-20.7333,139.5,68.0,34,1,5.75
29,Mataura,NZ,2021-04-24 19:20:25,-46.1927,168.8643,48.0,90,86,7.0
30,Mahajanga,MG,2021-04-24 19:20:26,-15.7167,46.3167,80.6,78,40,2.3
31,Punta Arenas,CL,2021-04-24 19:20:26,-53.15,-70.9167,51.8,71,40,9.22
32,Todos Santos Cuchumatan,GT,2021-04-24 19:20:26,15.5167,-91.6167,82.4,47,75,7.72
33,Busselton,AU,2021-04-24 19:20:27,-33.65,115.3333,52.0,89,0,1.95
34,Esperance,AU,2021-04-24 19:20:27,-33.8667,121.9,57.2,77,44,13.8
35,Talnakh,RU,2021-04-24 19:20:27,69.4865,88.3972,30.42,97,100,13.71
36,Sol-Iletsk,RU,2021-04-24 19:20:28,51.1631,54.9918,45.48,87,64,7.7
37,Leshukonskoye,RU,2021-04-24 19:20:28,64.8989,45.7622,46.87,65,25,5.68
38,Vaini,TO,2021-04-24 19:20:28,-21.2,-175.2,71.6,100,40,1.14
39,Yellowknife,CA,2021-04-24 19:20:29,62.456,-114.3525,19.0,53,75,11.5
40,Butaritari,KI,2021-04-24 19:20:29,3.0707,172.7902,82.47,76,52,12.12
41,Bluff,NZ,2021-04-24 19:20:30,-46.6,168.3333,48.0,90,100,7.0
42,Iquitos,PE,2021-04-24 19:20:30,-3.7481,-73.2472,89.6,58,75,2.3
43,Luderitz,NA,2021-04-24 19:20:30,-26.6481,15.1594,62.08,85,7,5.28
44,Tasiilaq,GL,2021-04-24 19:20:31,65.6145,-37.6368,37.4,75,75,1.14
45,Naze,JP,2021-04-24 19:20:31,28.3667,129.4833,64.09,70,99,19.1
46,Conde,BR,2021-04-24 19:16:49,-7.2597,-34.9075,82.4,74,20,8.05
47,Rikitea,PF,2021-04-24 19:20:32,-23.1203,-134.9692,78.58,72,100,16.37
48,Hermanus,ZA,2021-04-24 19:20:32,-34.4187,19.2345,62.01,80,100,4.0
49,Hithadhoo,MV,2021-04-24 19:20:32,-0.6,73.0833,83.25,69,13,7.29
50,Tuktoyaktuk,CA,2021-04-24 19:16:54,69.4541,-133.0374,24.8,80,40,5.75
51,Volodarsk,RU,2021-04-24 19:20:33,56.2261,43.1861,48.2,100,90,4.47
52,Poum,NC,2021-04-24 19:20:33,-20.2333,164.0167,78.35,81,100,15.23
53,Tala,EG,2021-04-24 19:20:34,30.6803,30.9429,63.36,44,0,6.06
54,Kapaa,US,2021-04-24 19:16:14,22.0752,-159.319,78.8,69,40,17.27
55,Kodiak,US,2021-04-24 19:20:34,57.79,-152.4072,44.6,76,90,8.05
56,Dovers,VC,2021-04-24 19:20:35,12.8833,-61.1833,82.4,74,40,12.66
57,Barrow,US,2021-04-24 19:20:01,71.2906,-156.7887,21.2,93,1,3.44
58,Vestmannaeyjar,IS,2021-04-24 19:20:35,63.4427,-20.2734,44.6,87,90,19.57
59,Saint-Philippe,RE,2021-04-24 19:20:35,-21.3585,55.7679,77.0,83,75,25.32
60,Maceio,BR,2021-04-24 19:20:36,-9.6658,-35.7353,84.2,70,20,10.36
61,Mocuba,MZ,2021-04-24 19:20:36,-16.8392,36.9856,67.78,95,1,3.36
62,Severo-Kurilsk,RU,2021-04-24 19:20:37,50.6789,156.125,34.84,96,100,4.54
63,Thompson,CA,2021-04-24 19:17:34,55.7435,-97.8558,24.8,54,75,5.75
64,Khatanga,RU,2021-04-24 19:20:37,71.9667,102.5,32.18,97,100,16.82
65,Chuy,UY,2021-04-24 19:16:13,-33.6971,-53.4616,71.38,72,100,6.38
66,Albany,US,2021-04-24 19:20:34,42.6001,-73.9662,70.0,16,87,3.0
67,Igarka,RU,2021-04-24 19:20:38,67.4667,86.5833,33.01,97,100,11.18
68,Mangai,CD,2021-04-24 19:20:39,-4.05,19.5333,70.93,98,100,1.43
69,Oussouye,SN,2021-04-24 19:20:39,12.485,-16.5469,82.4,83,0,11.5
70,Mutis,CO,2021-04-24 19:20:39,6.2262,-77.4044,82.2,79,98,4.45
71,Lompoc,US,2021-04-24 19:20:40,34.6391,-120.4579,60.01,67,69,8.05
72,Beira,MZ,2021-04-24 19:20:40,-19.8436,34.8389,73.4,83,0,8.99
73,Nanzhang,CN,2021-04-24 19:20:41,31.7765,111.8386,55.44,92,100,6.4
74,Tiksi,RU,2021-04-24 19:20:41,71.6872,128.8694,30.45,93,100,11.12
75,Storebo,NO,2021-04-24 19:20:41,60.0948,5.2271,43.0,56,20,13.8
76,Carroll,US,2021-04-24 19:20:42,39.5501,-77.0164,63.0,38,100,5.99
77,Bambous Virieux,MU,2021-04-24 19:20:42,-20.3428,57.7575,79.0,83,75,17.27
78,Ponta Do Sol,PT,2021-04-24 19:20:42,32.6667,-17.1,61.0,76,23,5.01
79,Kununurra,AU,2021-04-24 19:20:43,-15.7667,128.7333,57.2,77,9,2.3
80,Sibolga,ID,2021-04-24 19:20:43,1.7427,98.7792,74.44,93,100,5.73
81,Cape Town,ZA,2021-04-24 19:20:44,-33.9258,18.4232,63.0,88,0,6.91
82,Abu Samrah,SY,2021-04-24 19:20:44,35.3029,37.1841,74.19,40,96,9.31
83,Iracoubo,GF,2021-04-24 19:20:44,5.4802,-53.2011,78.08,86,100,12.53
84,Dikson,RU,2021-04-24 19:20:45,73.5069,80.5464,7.11,95,14,12.24
85,San Patricio,US,2021-04-24 19:20:45,28.017,-97.5169,96.8,11,1,16.11
86,Fort Smith,US,2021-04-24 19:16:00,35.3859,-94.3986,66.99,63,40,16.11
87,Ketchikan,US,2021-04-24 19:20:46,55.3422,-131.6461,55.4,41,1,11.5
88,Karachi,PK,2021-04-24 19:20:46,24.9056,67.0822,86.0,51,0,3.44
89,Codrington,AU,2021-04-24 19:20:47,-38.2667,141.9667,50.56,91,99,5.32
90,Buala,SB,2021-04-24 19:20:47,-8.145,159.5921,79.41,82,76,2.8
91,Surt,LY,2021-04-24 19:20:47,31.2089,16.5887,63.1,78,0,16.73
92,Zhangjiakou,CN,2021-04-24 19:20:48,40.81,114.8794,51.69,69,100,7.38
93,Limon,CR,2021-04-24 19:20:48,10.0,-83.0333,86.0,70,0,10.36
94,Seoul,KR,2021-04-24 19:20:08,37.5683,126.9778,51.8,87,0,3.44
95,Norman Wells,CA,2021-04-24 19:20:49,65.282,-126.8329,35.6,44,75,10.36
96,Saldanha,ZA,2021-04-24 19:20:49,-33.0117,17.9442,60.8,77,100,5.75
97,Port Alfred,ZA,2021-04-24 19:20:50,-33.5906,26.891,67.14,85,53,8.88
98,Kita,ML,2021-04-24 19:20:50,13.0349,-9.4895,97.18,21,22,6.11
99,Lebu,CL,2021-04-24 19:20:50,-37.6167,-73.65,57.58,69,0,17.43
100,Tomatlan,MX,2021-04-24 19:20:51,19.9333,-105.25,93.67,25,48,9.48
101,Finnsnes,NO,2021-04-24 19:20:52,69.2296,17.9811,32.0,55,75,5.75
102,Kroya,ID,2021-04-24 19:20:52,-7.6331,109.2461,77.65,79,28,3.29
103,Cairns,AU,2021-04-24 19:20:53,-16.9167,145.7667,73.4,100,75,8.05
104,Torbay,CA,2021-04-24 19:20:53,47.6666,-52.7314,53.6,35,40,28.77
105,Sironj,IN,2021-04-24 19:20:54,24.1,77.7,84.56,8,100,6.44
106,Grand-Santi,GF,2021-04-24 19:20:54,4.25,-54.3833,78.87,96,100,5.23
107,Bucerias,MX,2021-04-24 19:20:54,20.75,-105.3333,80.6,69,75,11.5
108,Jalu,LY,2021-04-24 19:20:55,29.0331,21.5482,68.9,54,0,25.21
109,Livingstonia,MW,2021-04-24 19:20:55,-10.606,34.1063,62.76,86,61,4.65
110,Flagstaff,US,2021-04-24 19:20:56,35.1981,-111.6513,64.0,21,1,27.63
111,Agadez,NE,2021-04-24 19:20:56,19.75,10.25,91.44,9,2,7.36
112,San Jose,US,2021-04-24 19:20:32,37.3394,-121.895,68.0,45,75,4.61
113,Tuatapere,NZ,2021-04-24 19:20:57,-46.1333,167.6833,48.0,90,100,7.0
114,Katsuura,JP,2021-04-24 19:18:42,35.1333,140.3,60.01,63,20,11.5
115,Upernavik,GL,2021-04-24 19:20:57,72.7868,-56.1549,34.2,85,11,5.91
116,Hatillo,PR,2021-04-24 19:20:58,18.4863,-66.8254,86.0,65,40,12.66
117,Arlit,NE,2021-04-24 19:20:58,18.7369,7.3853,92.71,7,4,5.28
118,Garowe,SO,2021-04-24 19:20:58,8.4054,48.4845,80.85,66,38,14.99
119,Iqaluit,CA,2021-04-24 19:20:59,63.7506,-68.5145,33.8,80,40,3.44
120,Adrar,MR,2021-04-24 19:20:59,20.5022,-10.0711,90.64,11,6,10.71
121,Progreso,MX,2021-04-24 19:21:00,21.2833,-89.6667,100.0,36,75,14.97
122,Marsh Harbour,BS,2021-04-24 19:21:00,26.5412,-77.0636,77.11,70,76,16.6
123,Pleasanton,US,2021-04-24 19:19:03,37.6624,-121.8747,64.0,42,40,11.5
124,Oran,DZ,2021-04-24 19:19:52,35.6911,-0.6417,68.0,56,75,8.05
125,Hobyo,SO,2021-04-24 19:21:01,5.3505,48.5268,84.2,69,55,12.84
126,Morro Bay,US,2021-04-24 19:21:01,35.3658,-120.8499,63.0,77,100,7.74
127,Akyab,MM,2021-04-24 19:17:00,20.15,92.9,80.64,76,87,10.27
128,Wufeng,CN,2021-04-24 19:21:02,27.45,104.8333,56.75,94,100,4.32
129,Carnarvon,AU,2021-04-24 19:21:02,-24.8667,113.6333,64.4,82,0,9.22
130,Yuli,NG,2021-04-24 19:21:03,9.6989,10.2744,88.54,50,100,12.24
131,Pisco,PE,2021-04-24 19:21:03,-13.7,-76.2167,73.4,68,0,20.71
132,Udachnyy,RU,2021-04-24 19:21:03,66.4167,112.4,17.56,97,100,4.16
133,Daru,PG,2021-04-24 19:21:04,-9.0763,143.2092,77.2,91,100,7.34
134,Wanning,CN,2021-04-24 19:21:04,18.8003,110.3967,77.9,92,66,9.26
135,Arraial Do Cabo,BR,2021-04-24 19:16:15,-22.9661,-42.0278,78.8,73,20,12.66
136,Quatre Cocos,MU,2021-04-24 19:21:05,-20.2078,57.7625,79.0,83,75,17.27
137,Beaumont,US,2021-04-24 19:20:39,30.0861,-94.1019,87.8,45,1,12.66
138,Pemangkat,ID,2021-04-24 19:21:05,1.1667,108.9667,78.78,83,87,5.19
139,Paicandu,BR,2021-04-24 19:21:06,-23.4575,-52.0486,80.6,44,20,9.22
140,Northam,GB,2021-04-24 19:16:09,51.0333,-4.2167,54.0,38,51,1.01
141,Panguna,PG,2021-04-24 19:21:06,-6.3164,155.4848,68.65,91,66,2.06
142,Russell,US,2021-04-24 19:21:06,32.3502,-85.1999,75.2,73,1,9.22
143,Kaoma,ZM,2021-04-24 19:21:07,-14.7833,24.8,66.29,50,31,5.64
144,Christchurch,NZ,2021-04-24 19:21:05,-43.5333,172.6333,50.0,100,90,2.3
145,Bozoum,CF,2021-04-24 19:21:07,6.3193,16.3799,70.52,93,100,4.76
146,Honningsvag,NO,2021-04-24 19:21:08,70.9821,25.9704,32.2,88,100,23.85
147,Airai,TL,2021-04-24 19:21:08,-8.9266,125.4092,57.27,92,51,2.75
148,Kahului,US,2021-04-24 19:21:09,20.8947,-156.47,75.2,83,40,17.27
149,Khash,IR,2021-04-24 19:21:09,28.2211,61.2158,72.93,8,100,4.29
150,Pevek,RU,2021-04-24 19:21:09,69.7008,170.3133,19.22,86,100,2.77
151,Kieta,PG,2021-04-24 19:16:23,-6.2167,155.6333,78.64,82,52,0.56
152,Abu Kamal,SY,2021-04-24 19:21:10,34.4506,40.9171,83.68,15,29,6.51
153,Te Anau,NZ,2021-04-24 19:21:10,-45.4167,167.7167,47.26,93,100,6.6
154,Sitka,US,2021-04-24 19:16:56,57.0531,-135.33,57.2,30,1,2.44
155,Sao Joao Da Barra,BR,2021-04-24 19:21:11,-21.6403,-41.0511,80.6,65,40,9.22
156,Mahibadhoo,MV,2021-04-24 19:21:11,3.7833,72.9667,83.32,74,7,8.46
157,Kruisfontein,ZA,2021-04-24 19:21:12,-34.0033,24.7314,59.0,92,100,1.01
158,Klaksvik,FO,2021-04-24 19:21:12,62.2266,-6.589,48.2,71,100,6.91
159,New Norfolk,AU,2021-04-24 19:21:12,-42.7826,147.0587,50.0,86,100,1.01
160,Deputatskiy,RU,2021-04-24 19:21:13,69.3,139.9,7.32,85,100,3.4
161,Antsohihy,MG,2021-04-24 19:21:13,-14.8796,47.9875,75.61,79,14,6.87
162,Constitucion,CL,2021-04-24 19:21:14,-35.3333,-72.4167,65.1,57,6,16.26
163,Conceicao Do Araguaia,BR,2021-04-24 19:21:06,-8.2578,-49.2647,89.6,62,20,6.91
164,Beian,NO,2021-04-24 19:21:15,63.6559,9.5683,35.6,87,40,16.11
165,Alofi,NU,2021-04-24 19:21:15,-19.0595,-169.9187,77.0,100,87,2.3
166,Porto Novo,BJ,2021-04-24 19:21:15,6.4965,2.6036,86.0,74,40,12.66
167,Henties Bay,NA,2021-04-24 19:21:16,-22.116,14.2845,65.5,80,0,5.23
168,Smithers,CA,2021-04-24 19:21:16,54.7804,-127.1743,50.0,29,40,5.75
169,Nemuro,JP,2021-04-24 19:21:17,43.3236,145.575,36.28,95,100,14.72
170,Caiaponia,BR,2021-04-24 19:21:17,-16.9567,-51.8103,82.8,31,12,4.12
171,Ushirombo,TZ,2021-04-24 19:21:17,-3.4919,31.9639,66.88,88,69,2.44
172,Teknaf,BD,2021-04-24 19:21:18,20.8624,92.3058,75.38,83,1,2.86
173,Hay River,CA,2021-04-24 19:21:18,60.8156,-115.7999,26.6,50,100,12.66
174,Fortuna,US,2021-04-24 19:21:18,40.5982,-124.1573,55.4,71,40,17.27
175,Labuan,MY,2021-04-24 19:21:19,5.2767,115.2417,78.01,88,20,4.81
176,Iaciara,BR,2021-04-24 19:21:19,-14.0958,-46.6317,88.05,40,49,1.52
177,Yungay,PE,2021-04-24 19:21:19,-9.1383,-77.7436,64.72,70,100,6.62
178,Benguela,AO,2021-04-24 19:21:20,-12.5763,13.4055,81.18,83,100,2.28
179,Portland,US,2021-04-24 19:20:28,45.5234,-122.6762,50.0,81,90,9.22
180,Mubi,NG,2021-04-24 19:21:20,10.2676,13.2644,78.78,52,100,9.33
181,Ilulissat,GL,2021-04-24 19:19:53,69.2167,-51.1,41.0,60,40,6.91
182,Nome,US,2021-04-24 19:21:21,64.5011,-165.4064,35.6,69,1,2.68
183,Sao Sebastiao,BR,2021-04-24 19:21:21,-23.76,-45.4097,75.2,75,44,5.01
184,Makakilo City,US,2021-04-24 19:21:22,21.3469,-158.0858,80.6,54,1,9.22
185,Rosetta,EG,2021-04-24 19:21:22,31.4044,30.4164,66.2,63,0,4.61
186,Maraa,BR,2021-04-24 19:21:23,-1.8333,-65.3667,88.93,58,63,5.77
187,Aleksandrovskiy Zavod,RU,2021-04-24 19:21:23,50.9237,117.9374,35.55,33,100,2.44
188,Saint-Augustin,CA,2021-04-24 19:21:23,51.226,-58.6502,39.24,75,89,11.12
189,Victoria,HK,2021-04-24 19:21:12,22.2855,114.1577,77.0,87,74,1.01
190,Mahebourg,MU,2021-04-24 19:21:24,-20.4081,57.7,78.8,83,75,17.27
191,Qasigiannguit,GL,2021-04-24 19:21:24,68.8193,-51.1922,41.0,60,40,6.91
192,Sobolevo,RU,2021-04-24 19:16:46,54.4299,31.8996,35.01,77,95,10.49
193,Rocky Mountain House,CA,2021-04-24 19:21:25,52.3668,-114.9188,37.4,60,100,6.91
194,Fomboni,KM,2021-04-24 19:21:25,-12.28,43.7425,81.79,75,26,5.73
195,Mattru,SL,2021-04-24 19:21:26,7.6244,-11.8332,82.65,68,15,7.02
196,Georgetown,MY,2021-04-24 19:21:26,5.4112,100.3354,82.0,89,40,2.3
197,Calvinia,ZA,2021-04-24 19:21:27,-31.4707,19.776,68.83,34,90,2.53
198,Ormilia,GR,2021-04-24 19:21:27,40.3,23.55,55.99,100,100,4.12
199,Fairbanks,US,2021-04-24 19:20:04,64.8378,-147.7164,51.8,32,1,5.75
200,Yibin,CN,2021-04-24 19:21:28,28.7667,104.6238,66.51,90,100,5.66
201,Puro,PH,2021-04-24 19:21:28,12.4841,123.3827,80.49,76,96,1.39
202,Kutum,SD,2021-04-24 19:20:04,14.2,24.6667,83.88,13,90,11.39
203,Koungou,YT,2021-04-24 19:21:29,-12.7336,45.2042,80.6,83,75,4.61
204,Vardo,NO,2021-04-24 19:21:29,70.3705,31.1107,33.73,87,100,22.75
205,Saint George,US,2021-04-24 19:17:21,37.1041,-113.5841,80.01,14,1,20.71
206,Touros,BR,2021-04-24 19:17:32,-5.1989,-35.4608,82.4,74,20,11.5
207,Kaitangata,NZ,2021-04-24 19:21:30,-46.2817,169.8464,46.0,88,23,1.99
208,Rocha,UY,2021-04-24 19:21:30,-34.4833,-54.3333,65.89,90,100,7.29
209,Pudozh,RU,2021-04-24 19:21:31,61.8099,36.5345,38.25,97,100,4.81
210,Phibun Mangsahan,TH,2021-04-24 19:21:31,15.2447,105.2291,82.4,78,99,2.3
211,Tautira,PF,2021-04-24 19:21:31,-17.7333,-149.15,82.4,69,75,6.91
212,Hofn,IS,2021-04-24 19:21:32,64.2539,-15.2082,47.26,83,100,6.4
213,Coquimbo,CL,2021-04-24 19:16:53,-29.9533,-71.3436,62.6,67,20,12.66
214,Toropets,RU,2021-04-24 19:21:32,56.4978,31.6353,33.57,85,39,7.09
215,Wagar,SD,2021-04-24 19:21:33,16.1525,36.2032,90.72,27,34,20.92
216,Pangnirtung,CA,2021-04-24 19:21:33,66.1451,-65.7125,33.8,80,1,8.05
217,Tarko-Sale,RU,2021-04-24 19:19:04,64.9225,77.785,34.0,89,100,6.44
218,Hasaki,JP,2021-04-24 19:21:34,35.7333,140.8333,48.2,93,20,4.61
219,Le Mars,US,2021-04-24 19:21:34,42.7942,-96.1656,51.8,24,1,11.5
220,Muisne,EC,2021-04-24 19:21:34,0.6,-80.0333,86.0,79,20,4.61
221,Goderich,CA,2021-04-24 19:21:35,43.7501,-81.7165,57.2,38,100,4.61
222,Pingliang,CN,2021-04-24 19:21:35,35.5392,106.6861,45.86,89,100,2.57
223,Maniitsoq,GL,2021-04-24 19:18:08,65.4167,-52.9,39.27,72,3,2.71
224,Kjopsvik,NO,2021-04-24 19:21:36,68.097,16.3742,36.0,75,90,10.36
225,Hambantota,LK,2021-04-24 19:21:36,6.1241,81.1185,77.0,100,20,2.3
226,Pakxan,LA,2021-04-24 19:21:36,18.3778,103.6601,83.7,59,98,2.13
227,Jizan,SA,2021-04-24 19:21:37,17.3333,42.6667,86.0,45,40,16.11
228,Cidreira,BR,2021-04-24 19:21:37,-30.1811,-50.2056,73.62,72,8,12.46
229,Trnava,SK,2021-04-24 19:21:37,48.3774,17.5872,50.0,53,0,4.61
230,Ngawi,ID,2021-04-24 19:21:38,-7.4038,111.4461,73.02,89,3,3.49
231,Hovd,MN,2021-04-24 19:21:38,48.0056,91.6419,26.13,21,16,15.86
232,Zapolyarnyy,RU,2021-04-24 19:21:39,69.4154,30.8136,32.0,93,90,16.11
233,Qaanaaq,GL,2021-04-24 19:21:39,77.484,-69.3632,27.73,69,93,6.49
234,Castanos,MX,2021-04-24 19:21:39,26.7833,-101.4167,84.63,10,0,6.91
235,Nanortalik,GL,2021-04-24 19:21:40,60.1432,-45.2371,41.86,74,100,8.1
236,Faanui,PF,2021-04-24 19:17:21,-16.4833,-151.75,80.44,73,100,9.69
237,Luwuk,ID,2021-04-24 19:21:40,-0.9516,122.7875,77.72,76,99,4.05
238,Sao Filipe,CV,2021-04-24 19:21:41,14.8961,-24.4956,72.23,74,55,13.67
239,Kargasok,RU,2021-04-24 19:21:41,59.0556,80.8572,35.73,96,100,4.85
240,Warwick,US,2021-04-24 19:20:26,41.7001,-71.4162,73.0,18,20,16.11
241,Flin Flon,CA,2021-04-24 19:20:32,54.7682,-101.865,30.2,37,75,6.67
242,Gikongoro,RW,2021-04-24 19:21:42,-2.464,29.5739,59.14,93,100,2.62
243,Srivardhan,IN,2021-04-24 19:21:42,18.0333,73.0167,80.11,73,94,8.19
244,Monte Alegre,BR,2021-04-24 19:21:43,-2.0078,-54.0692,86.56,63,32,3.87
245,Chokurdakh,RU,2021-04-24 19:21:43,70.6333,147.9167,-13.83,97,5,4.36
246,Brae,GB,2021-04-24 19:21:43,60.3964,-1.353,42.8,75,40,10.36
247,Inirida,CO,2021-04-24 19:21:44,3.8653,-67.9239,84.88,78,97,0.81
248,Kaili,ID,2021-04-24 19:21:44,-3.4626,120.2147,65.44,90,82,3.78
249,Castro,BR,2021-04-24 19:21:44,-24.7911,-50.0119,72.99,53,65,5.08
250,North Platte,US,2021-04-24 19:20:11,41.1239,-100.7654,55.4,47,40,5.75
251,Akhisar,TR,2021-04-24 19:21:45,38.9185,27.8401,57.99,94,100,6.73
252,Labuhan,ID,2021-04-24 19:17:54,-6.8844,112.2051,77.34,83,7,5.55
253,Gidam,IN,2021-04-24 19:21:46,18.9833,81.4,79.43,21,0,2.66
254,Saskylakh,RU,2021-04-24 19:20:09,71.9167,114.0833,31.57,92,96,12.03
255,Aksu,CN,2021-04-24 19:21:46,41.1231,80.2644,56.21,30,6,4.47
256,Sosnovka,RU,2021-04-24 19:21:47,56.255,51.2842,42.57,96,100,5.99
257,Soverato,IT,2021-04-24 19:21:47,38.685,16.5499,57.2,77,20,6.91
258,Malinyi,TZ,2021-04-24 19:21:47,-8.9333,36.1333,70.9,97,100,0.72
259,Shenjiamen,CN,2021-04-24 19:21:48,29.9576,122.298,61.0,89,99,5.55
260,Trinidad,BO,2021-04-24 19:21:48,-14.8333,-64.9,78.8,94,75,8.05
261,Khao Wong,TH,2021-04-24 19:21:49,16.7001,104.0902,88.0,99,67,7.14
262,Aguimes,ES,2021-04-24 19:21:49,27.9054,-15.4461,69.01,77,75,14.97
263,Kemijarvi,FI,2021-04-24 19:21:49,66.7131,27.4306,32.74,95,100,8.55
264,Grindavik,IS,2021-04-24 19:21:50,63.8424,-22.4338,44.6,93,90,21.85
265,Felipe Carrillo Puerto,MX,2021-04-24 19:21:50,19.5833,-88.05,94.6,31,88,10.09
266,Limbang,MY,2021-04-24 19:21:50,4.75,115.0,77.0,94,75,1.14
267,Carutapera,BR,2021-04-24 19:21:51,-1.195,-46.02,81.97,78,100,5.79
268,Moerai,PF,2021-04-24 19:21:51,-22.4333,-151.3333,76.08,67,69,14.52
269,De Aar,ZA,2021-04-24 19:21:52,-30.6497,24.0123,66.31,24,57,8.61
270,Lesozavodsk,RU,2021-04-24 19:21:52,45.4794,133.4244,35.64,45,73,5.57
271,Huilong,CN,2021-04-24 19:21:52,31.8111,121.655,64.99,94,100,6.8
272,Port Elizabeth,ZA,2021-04-24 19:21:53,-33.918,25.5701,57.2,100,0,8.05
273,Salto,UY,2021-04-24 19:21:53,-31.3833,-57.9667,70.0,73,75,14.97
274,Necochea,AR,2021-04-24 19:21:54,-38.5473,-58.7368,61.0,74,85,11.01
275,Provideniya,RU,2021-04-24 19:21:54,64.3833,-173.3,35.51,83,99,0.92
276,Laguna,US,2021-04-24 19:21:54,38.421,-121.4238,68.0,37,20,10.36
277,Aklavik,CA,2021-04-24 19:21:55,68.2191,-135.0107,37.4,52,20,2.3
278,Ahipara,NZ,2021-04-24 19:21:55,-35.1667,173.1667,58.42,80,27,8.41
279,Nuevo Progreso,MX,2021-04-24 19:21:56,23.1667,-97.95,93.99,50,56,15.99
280,Ekhabi,RU,2021-04-24 19:21:56,53.5102,142.9671,22.3,85,88,9.82
281,Saint Helens,GB,2021-04-24 19:19:03,53.45,-2.7333,60.8,44,20,10.36
282,East London,ZA,2021-04-24 19:21:56,-33.0153,27.9116,64.4,88,0,5.75
283,Rawson,AR,2021-04-24 19:21:57,-43.3002,-65.1023,60.51,45,14,0.74
284,Belmonte,BR,2021-04-24 19:21:57,-15.8631,-38.8828,82.4,69,40,12.66
285,Imbituva,BR,2021-04-24 19:21:58,-25.23,-50.6044,75.13,45,98,3.74
286,Hannibal,US,2021-04-24 19:21:58,39.7084,-91.3585,64.0,48,75,4.61
287,La Paz,BO,2021-04-24 19:21:58,-16.5,-68.15,59.0,31,20,20.71
288,Cayenne,GF,2021-04-24 19:21:59,4.9333,-52.3333,80.6,83,0,6.91
289,Mayo,US,2021-04-24 19:21:59,38.8876,-76.5119,63.0,34,1,11.5
290,Oranjemund,NA,2021-04-24 19:21:59,-28.55,16.4333,59.47,90,12,2.55
291,Padang,ID,2021-04-24 19:17:42,-0.9492,100.3543,76.71,87,89,2.3
292,Iturama,BR,2021-04-24 19:22:00,-19.7281,-50.1956,86.23,23,0,4.9
293,Ancud,CL,2021-04-24 19:22:00,-41.8697,-73.8203,62.01,77,75,9.22
294,Grand Gaube,MU,2021-04-24 19:22:01,-20.0064,57.6608,79.0,82,100,8.01
295,Quartucciu,IT,2021-04-24 19:22:01,39.2519,9.1794,62.01,72,20,5.75
296,Omboue,GA,2021-04-24 19:17:16,-1.5746,9.2618,77.83,85,94,2.3
297,Mitsamiouli,KM,2021-04-24 19:22:02,-11.3847,43.2844,80.51,78,48,10.58
298,Geraldton,AU,2021-04-24 19:22:02,-28.7667,114.6,59.0,94,91,2.3
299,Ngunguru,NZ,2021-04-24 19:22:02,-35.6167,174.5,54.0,96,21,1.01
300,Isangel,VU,2021-04-24 19:22:03,-19.55,169.2667,77.05,81,100,10.13
301,Bethanien,NA,2021-04-24 19:22:03,-26.502,17.1583,76.23,25,72,6.8
302,Farmington,US,2021-04-24 19:19:23,36.7281,-108.2187,68.0,13,1,6.91
303,Guymon,US,2021-04-24 19:22:04,36.6828,-101.4816,66.2,37,1,8.05
304,Namibe,AO,2021-04-24 19:22:04,-15.1961,12.1522,79.23,75,0,7.92
305,Yarada,IN,2021-04-24 19:22:05,17.65,83.2667,82.4,83,40,2.3
306,Teguise,ES,2021-04-24 19:22:05,29.0605,-13.564,71.6,53,40,14.97
307,Bairiki,KI,2021-04-24 19:22:05,1.3292,172.9752,80.6,83,75,5.75
308,Morehead,US,2021-04-24 19:22:06,37.2711,-87.1764,53.01,93,90,6.91
309,Hualmay,PE,2021-04-24 19:20:09,-11.0964,-77.6139,72.39,72,9,10.71
310,Whitecourt,CA,2021-04-24 19:22:06,54.1502,-115.6855,42.8,22,75,9.22
311,Cockburn Town,TC,2021-04-24 19:22:07,21.4612,-71.1419,82.4,65,40,11.5
312,Muroto,JP,2021-04-24 19:22:07,33.2833,134.15,60.4,74,6,4.32
313,George Town,MY,2021-04-24 19:22:08,5.4112,100.3354,82.0,89,40,2.3
314,Dunedin,NZ,2021-04-24 19:22:08,-45.8742,170.5036,48.99,73,100,10.0
315,Khandyga,RU,2021-04-24 19:22:08,62.6667,135.6,2.17,99,99,2.24
316,Kiama,AU,2021-04-24 19:22:09,-34.6833,150.8667,52.0,79,0,1.99
317,Souillac,MU,2021-04-24 19:20:07,-20.5167,57.5167,78.8,83,75,17.27
318,Rovaniemi,FI,2021-04-24 19:22:09,66.5,25.7167,32.0,86,90,11.5
319,Tucumcari,US,2021-04-24 19:22:10,35.1717,-103.725,73.4,20,1,13.8
320,Bontang,ID,2021-04-24 19:19:04,0.1333,117.5,76.39,84,64,4.27
321,Swan River,CA,2021-04-24 19:22:10,52.1058,-101.2676,39.2,38,100,13.8
322,Margate,GB,2021-04-24 19:22:11,51.3813,1.3862,46.0,73,100,1.99
323,Boras,SE,2021-04-24 19:19:42,57.721,12.9401,37.99,52,20,10.36
324,Lagoa,PT,2021-04-24 19:22:11,39.05,-27.9833,58.86,83,35,26.91
325,Okha,RU,2021-04-24 19:22:11,53.5739,142.9478,22.39,85,90,9.91
326,Spearfish,US,2021-04-24 19:22:12,44.4908,-103.8594,48.99,57,1,6.91
327,Rochegda,RU,2021-04-24 19:22:12,62.8,43.25,49.5,69,75,10.2
328,Eufaula,US,2021-04-24 19:22:13,31.8913,-85.1455,66.2,88,90,6.91
329,Longyearbyen,SJ,2021-04-24 19:22:13,78.2186,15.6401,26.6,63,75,3.44
330,Ayan,RU,2021-04-24 19:22:13,56.45,138.1667,21.83,77,36,9.82
331,Bahia Honda,CU,2021-04-24 19:22:14,22.9036,-83.1592,89.19,49,100,13.22
332,Bara,NG,2021-04-24 19:22:14,10.3744,10.7288,90.01,41,100,13.65
333,Chadiza,ZM,2021-04-24 19:22:15,-14.0678,32.4392,63.14,81,41,3.0
334,Ashtabula,US,2021-04-24 19:19:41,41.7001,-80.7665,61.0,36,20,9.22
335,San Ramon,US,2021-04-24 19:20:22,37.7799,-121.978,64.0,42,40,11.5
336,Savinka,RU,2021-04-24 19:22:15,50.0785,47.0994,46.2,75,6,14.09
337,Westport,US,2021-04-24 19:22:16,41.1415,-73.3579,68.0,24,1,16.11
338,Olinda,BR,2021-04-24 19:22:16,-8.0089,-34.8553,82.4,65,40,8.05
339,Flinders,AU,2021-04-24 19:22:16,-34.5833,150.8552,52.0,80,0,1.01
340,Narsaq,GL,2021-04-24 19:22:17,60.9167,-46.05,55.4,33,75,25.32
341,Ostrovnoy,RU,2021-04-24 19:20:57,68.0531,39.5131,36.19,99,100,4.54
342,Itoman,JP,2021-04-24 19:22:18,26.1247,127.6694,68.0,83,40,10.36
343,Caravelas,BR,2021-04-24 19:22:18,-17.7125,-39.2481,79.86,71,69,5.68
344,Maunabo,PR,2021-04-24 19:22:18,18.0072,-65.8993,84.99,72,98,8.99
345,Port Hardy,CA,2021-04-24 19:22:19,50.6996,-127.4199,48.2,93,90,4.61
346,Gostinu,RO,2021-04-24 19:22:19,44.0,26.1167,52.0,70,99,6.24
347,Kerouane,GN,2021-04-24 19:22:20,9.2667,-9.0167,77.83,64,100,6.67
348,Nishihara,JP,2021-04-24 19:22:20,26.1842,127.7558,68.0,88,75,5.75
349,Saint-Pierre,RE,2021-04-24 19:22:20,-21.3393,55.4781,77.0,83,75,25.32
350,Agirish,RU,2021-04-24 19:22:21,61.9247,63.0231,42.98,91,100,3.6
351,Banff,CA,2021-04-24 19:18:54,51.1762,-115.5698,30.2,69,100,3.44
352,Mehran,IR,2021-04-24 19:22:21,33.1222,46.1646,64.4,19,0,9.78
353,Savinskiy,RU,2021-04-24 19:22:22,62.9342,40.1361,46.33,75,25,6.42
354,Fort Nelson,CA,2021-04-24 19:21:09,58.8053,-122.7002,41.0,33,40,5.75
355,Bunia,CD,2021-04-24 19:22:22,1.5667,30.25,63.82,95,67,1.43
356,Beyneu,KZ,2021-04-24 19:22:22,45.3167,55.2,62.37,39,100,5.97
357,Lawton,US,2021-04-24 19:19:40,34.6087,-98.3903,64.99,63,75,5.75
358,Faya,SA,2021-04-24 19:22:23,18.3851,42.4509,59.0,67,75,9.22
359,Great Bend,US,2021-04-24 19:22:23,38.3645,-98.7648,62.01,55,1,6.91
360,Guerrero,MX,2021-04-24 19:22:24,17.6667,-100.0,91.18,18,3,4.36
361,La Troncal,EC,2021-04-24 19:22:24,-2.4,-79.3333,86.0,52,75,13.8
362,Lenoir City,US,2021-04-24 19:22:24,35.7973,-84.256,53.01,94,100,3.53
363,Naron,ES,2021-04-24 19:22:25,43.5167,-8.1528,62.01,94,20,4.61
364,Tabas,IR,2021-04-24 19:22:25,33.5959,56.9244,82.83,13,100,4.23
365,Gander,CA,2021-04-24 19:22:26,48.9682,-54.5906,41.0,87,90,13.8
366,San Quintin,MX,2021-04-24 19:22:26,30.4833,-115.95,64.09,66,15,16.82
367,Masyaf,SY,2021-04-24 19:22:26,35.0653,36.3406,68.0,68,0,5.75
368,Ixtapa,MX,2021-04-24 19:19:04,20.7,-105.2,80.6,69,75,11.5
369,Hauterive,FR,2021-04-24 19:22:27,46.0901,3.4459,66.2,42,0,5.75
370,Marin,US,2021-04-24 19:22:27,38.0666,-122.7344,62.6,45,90,11.5
371,Opuwo,NA,2021-04-24 19:20:15,-18.0607,13.84,73.15,39,81,3.27
372,Puerto Escondido,MX,2021-04-24 19:22:28,15.85,-97.0667,89.6,74,75,13.8
373,Sao Jose Da Coroa Grande,BR,2021-04-24 19:22:28,-8.8978,-35.1478,82.06,72,26,7.94
374,North Bend,US,2021-04-24 19:20:22,43.4065,-124.2243,57.0,76,90,8.05
375,Saint-Georges,GD,2021-04-24 19:22:29,12.0564,-61.7485,86.0,62,20,34.52
376,Dali,CN,2021-04-24 19:22:29,25.7,100.1833,57.25,53,5,5.37
377,Atasu,KZ,2021-04-24 19:22:30,48.6814,71.6433,41.95,28,84,11.36
378,Waingapu,ID,2021-04-24 19:22:30,-9.6567,120.2641,76.32,85,8,7.43
379,Jinchang,CN,2021-04-24 19:22:30,38.4953,102.1739,47.41,44,100,1.52
380,Trenton,US,2021-04-24 19:19:24,40.217,-74.7429,70.0,27,1,4.61
381,College,US,2021-04-24 19:18:43,64.8569,-147.8028,51.8,32,20,1.03
382,Skierniewice,PL,2021-04-24 19:22:31,51.9548,20.1584,44.01,100,95,5.64
383,Bethel,US,2021-04-24 19:22:31,41.3712,-73.414,69.8,21,1,8.05
384,Korla,CN,2021-04-24 19:22:32,41.7597,86.1469,50.16,42,0,12.08
385,Komsomolskiy,UZ,2021-04-24 19:22:32,40.4272,71.7189,60.8,48,95,4.61
386,Skjervoy,NO,2021-04-24 19:20:56,70.0311,20.9714,33.94,57,100,12.95
387,Santa Cruz,BO,2021-04-24 19:20:47,-17.8,-63.1667,68.0,94,75,5.75
388,Saint-Francois,FR,2021-04-24 19:22:33,46.4154,3.9054,64.4,45,0,8.05
389,Goedereede,NL,2021-04-24 19:22:33,51.8175,3.9806,50.0,58,100,17.22
390,Kaohsiung,TW,2021-04-24 19:22:34,22.6163,120.3133,77.0,83,40,8.05
391,San Vicente,AR,2021-04-24 19:18:32,-26.6167,-54.1333,61.72,99,100,0.89
392,Caluquembe,AO,2021-04-24 19:22:34,-13.7833,14.6833,64.06,64,91,2.77
393,Pahrump,US,2021-04-24 19:22:35,36.2083,-115.9839,78.01,18,99,3.0
394,Jacareacanga,BR,2021-04-24 19:22:35,-6.2222,-57.7528,89.35,59,100,1.45
395,Roma,US,2021-04-24 19:17:52,43.2128,-75.4557,66.2,24,1,12.66
396,Gap,FR,2021-04-24 19:22:36,44.6667,6.0,55.99,54,24,5.99
397,Kavieng,PG,2021-04-24 19:22:36,-2.5744,150.7967,80.62,79,48,7.31
398,Canakkale,TR,2021-04-24 19:19:31,40.0833,26.8333,53.6,87,75,11.5
399,Nouakchott,MR,2021-04-24 19:22:36,18.0858,-15.9785,68.0,77,82,25.32
400,Krasnaya Poyma,RU,2021-04-24 19:22:37,55.0014,39.08,37.99,100,100,12.24
401,Cabo San Lucas,MX,2021-04-24 19:20:02,22.8909,-109.9124,78.8,43,1,5.75
402,Alugan,PH,2021-04-24 19:22:37,12.2188,125.4808,76.24,89,52,4.83
403,Jalingo,NG,2021-04-24 19:22:38,8.8833,11.3667,88.34,51,42,8.34
404,Palu,ID,2021-04-24 19:22:38,-0.8917,119.8707,75.24,94,82,3.22
405,Batagay-Alyta,RU,2021-04-24 19:22:38,67.8006,130.4114,16.5,83,100,5.68
406,Boende,CD,2021-04-24 19:22:39,-0.2167,20.8667,73.06,90,67,3.02
407,Bjerkvik,NO,2021-04-24 19:22:39,68.5597,17.5189,35.01,75,90,10.36
408,Dolores,AR,2021-04-24 19:22:40,-36.3132,-57.6792,68.36,57,43,14.63
409,Akureyri,IS,2021-04-24 19:22:40,65.6835,-18.0878,50.0,62,0,9.22
410,Hue,VN,2021-04-24 19:22:40,16.4667,107.6,80.6,89,40,1.14
411,Eyl,SO,2021-04-24 19:22:41,7.9803,49.8164,83.39,73,64,9.35
412,Guozhen,CN,2021-04-24 19:22:41,34.3659,107.359,51.76,98,100,1.86
413,Slave Lake,CA,2021-04-24 19:22:42,55.2834,-114.769,33.8,47,1,10.36
414,Marovoay,MG,2021-04-24 19:22:42,-16.1,46.6333,80.6,78,40,4.61
415,Luis Correia,BR,2021-04-24 19:22:42,-2.8792,-41.6669,78.8,94,90,18.41
416,Barcelos,PT,2021-04-24 19:22:43,41.5388,-8.6151,61.0,94,40,5.75
417,Cabano,PH,2021-04-24 19:22:43,10.5869,122.7002,80.11,80,100,7.92
418,Tura,IN,2021-04-24 19:22:43,25.5198,90.2201,75.25,35,100,3.51
419,Beringovskiy,RU,2021-04-24 19:22:44,63.05,179.3167,30.27,94,100,5.88
420,Parati,BR,2021-04-24 19:22:44,-23.2178,-44.7131,78.8,53,20,6.91
421,Idar,DE,2021-04-24 19:22:44,49.7167,7.3,53.6,46,0,8.05
422,Walvis Bay,NA,2021-04-24 19:22:45,-22.9575,14.5053,59.0,88,0,5.75
423,Acari,PE,2021-04-24 19:22:45,-15.4311,-74.6158,78.78,55,3,11.12
424,Chinchani,IN,2021-04-24 19:22:46,19.8667,72.7,82.67,73,100,4.7
425,Almeirim,BR,2021-04-24 19:22:46,-1.5233,-52.5817,85.17,70,69,4.81
426,Lorengau,PG,2021-04-24 19:22:47,-2.0226,147.2712,81.01,76,92,4.38
427,Gao,ML,2021-04-24 19:22:47,16.6362,1.637,92.68,5,1,8.55
428,Namtsy,RU,2021-04-24 19:22:47,62.7161,129.6658,26.6,74,40,6.71
429,Mafra,BR,2021-04-24 19:22:48,-26.1114,-49.8053,64.99,70,77,5.01
430,Burnie,AU,2021-04-24 19:22:48,-41.0667,145.9167,46.0,91,38,1.01
431,Korem,ET,2021-04-24 19:22:48,12.5058,39.5228,63.54,42,100,7.47
432,Isla Mujeres,MX,2021-04-24 19:22:49,21.2311,-86.731,87.8,62,75,11.5
433,La Orilla,MX,2021-04-24 19:22:49,17.9833,-102.2333,85.41,50,100,11.3
434,La Ronge,CA,2021-04-24 19:22:50,55.1001,-105.2842,30.2,39,100,5.75
435,Namie,JP,2021-04-24 19:22:50,37.4833,141.0,54.0,73,76,4.43
436,Gayny,RU,2021-04-24 19:22:50,60.3071,54.3241,41.4,93,100,8.41
437,Sorland,NO,2021-04-24 19:20:06,67.667,12.6934,37.18,63,45,23.87
438,Aykhal,RU,2021-04-24 19:22:51,66.0,111.5,20.03,96,100,6.24
439,Salalah,OM,2021-04-24 19:22:51,17.0151,54.0924,82.18,75,17,6.44
440,Bon Air,US,2021-04-24 19:22:52,37.5249,-77.5578,64.99,42,90,4.61
441,Souris,CA,2021-04-24 19:22:52,49.6172,-100.2612,45.0,19,90,10.36
442,Carballo,ES,2021-04-24 19:22:53,43.213,-8.691,61.0,89,100,1.34
443,Bambanglipuro,ID,2021-04-24 19:22:53,-7.95,110.2833,75.18,83,17,3.15
444,Lincoln,US,2021-04-24 19:21:39,40.8,-96.667,57.2,44,1,8.05
445,Ipswich,GB,2021-04-24 19:22:54,52.0592,1.1555,46.4,66,48,9.22
446,Mount Gambier,AU,2021-04-24 19:22:54,-37.8333,140.7667,51.8,93,75,4.61
447,Guerrero Negro,MX,2021-04-24 19:22:50,27.9769,-114.0611,67.15,57,3,15.05
448,Ostersund,SE,2021-04-24 19:22:54,63.1792,14.6357,32.0,51,61,12.66
449,Belaya Gora,RU,2021-04-24 19:22:55,68.5333,146.4167,-8.01,100,100,4.7
450,Valparaiso,CL,2021-04-24 19:20:11,-33.0393,-71.6273,68.0,56,0,6.91
451,Gushikawa,JP,2021-04-24 19:22:55,26.3544,127.8686,66.2,88,20,9.22
452,Honiara,SB,2021-04-24 19:22:56,-9.4333,159.95,77.97,84,100,2.51
453,Lavrentiya,RU,2021-04-24 19:22:56,65.5833,-171.0,28.24,88,93,1.28
454,Krasnoborsk,RU,2021-04-24 19:22:56,61.5598,45.934,46.44,77,11,9.04
455,Dobric,RS,2021-04-24 19:22:57,44.7019,19.5814,52.0,45,9,2.15
456,Eureka,US,2021-04-24 19:22:57,40.8021,-124.1637,55.0,81,100,1.99
457,Sirpur,IN,2021-04-24 19:22:58,19.4833,79.6,91.0,18,0,0.87
458,Taltal,CL,2021-04-24 19:22:58,-25.4,-70.4833,64.72,71,49,4.76
459,Novyy Urengoy,RU,2021-04-24 19:22:58,66.0833,76.6333,30.94,91,100,8.46
460,Thessalon,CA,2021-04-24 19:22:59,46.2501,-83.5666,59.0,31,1,12.66
461,Ukiah,US,2021-04-24 19:22:59,39.1502,-123.2078,59.0,58,75,9.22
462,Kurchum,KZ,2021-04-24 19:23:00,48.5722,83.6542,37.36,47,1,3.06
463,Cardston,CA,2021-04-24 19:23:00,49.2,-113.3019,33.8,75,100,6.91
464,Muros,ES,2021-04-24 19:23:00,42.7762,-9.0603,64.99,75,97,7.0
465,Alyangula,AU,2021-04-24 19:23:01,-13.8483,136.4192,69.8,100,100,9.4
466,Sur,OM,2021-04-24 19:23:01,22.5667,59.5289,86.83,39,1,11.95
467,Sept-Iles,CA,2021-04-24 19:22:55,50.2001,-66.3821,50.0,43,75,12.66
468,Arkhara,RU,2021-04-24 19:23:02,49.4212,130.0842,31.84,75,4,10.29
469,Katherine,AU,2021-04-24 19:23:02,-14.4667,132.2667,60.8,59,95,4.61
470,Lokosovo,RU,2021-04-24 19:23:02,61.1333,74.8167,34.38,99,100,1.95
471,Olafsvik,IS,2021-04-24 19:23:03,64.8945,-23.7142,44.64,82,100,17.38
472,Bakau,GM,2021-04-24 19:23:03,13.4781,-16.6819,75.2,73,0,12.66
473,Sumenep,ID,2021-04-24 19:23:04,-7.0167,113.8667,78.33,78,5,5.7
474,Dicamay,PH,2021-04-24 19:23:04,16.7561,122.0037,73.08,85,100,2.51
475,Tumen,CN,2021-04-24 19:23:04,42.9661,129.8425,37.51,60,0,3.91
476,Goundam,ML,2021-04-24 19:23:05,16.4145,-3.6708,95.34,8,99,1.25
477,Kalemie,CD,2021-04-24 19:23:05,-5.9475,29.1947,71.46,85,71,2.28
478,Santa Isabel Do Rio Negro,BR,2021-04-24 19:23:06,-0.4139,-65.0192,91.89,48,88,4.59
479,Havelock,US,2021-04-24 19:23:06,34.8791,-76.9013,66.99,59,75,9.22
480,Marawi,PH,2021-04-24 19:23:06,7.9986,124.2928,75.99,90,91,7.0
481,Ampanihy,MG,2021-04-24 19:23:07,-24.7,44.75,72.07,69,5,6.17
482,Santa Fe,AR,2021-04-24 19:20:10,-31.6333,-60.7,75.0,62,60,8.01
483,Balakhninskiy,RU,2021-04-24 19:23:07,58.0106,114.2769,23.68,96,100,3.02
484,Nosy Varika,MG,2021-04-24 19:23:08,-20.5833,48.5333,71.37,92,35,6.08
485,Berlevag,NO,2021-04-24 19:23:08,70.8578,29.0864,33.93,70,99,14.03
486,Yantal,RU,2021-04-24 19:23:08,56.8471,105.2542,33.12,99,100,3.09
487,Hinundayan,PH,2021-04-24 19:23:09,10.3523,125.2506,78.15,85,100,4.38
488,The Valley,AI,2021-04-24 19:23:09,18.217,-63.0578,86.0,65,40,12.66
489,Kirensk,RU,2021-04-24 19:23:10,57.7853,108.1119,32.43,98,100,1.99
490,Axim,GH,2021-04-24 19:20:23,4.8699,-2.2405,81.48,82,67,8.52
491,Nanchang,CN,2021-04-24 19:23:10,28.6833,115.8833,61.74,91,99,16.26
492,Seguin,US,2021-04-24 19:23:11,29.5688,-97.9647,87.8,25,1,16.11
493,Cermik,TR,2021-04-24 19:23:11,38.1361,39.4493,60.8,39,0,4.61
494,Sakakah,SA,2021-04-24 19:23:12,29.9697,40.2064,82.4,11,40,8.05
495,Chaman,PK,2021-04-24 19:23:12,30.9236,66.4512,73.49,7,0,4.94
496,Itacarambi,BR,2021-04-24 19:23:13,-15.1022,-44.0919,93.42,23,5,1.57
497,Fukue,JP,2021-04-24 19:23:13,32.6881,128.8419,61.75,80,1,11.05
498,Sirjan,IR,2021-04-24 19:23:13,29.452,55.6814,66.22,42,100,2.15
499,Merauke,ID,2021-04-24 19:23:14,-8.4667,140.3333,77.94,89,97,7.94
500,Ponazyrevo,RU,2021-04-24 19:23:14,58.3578,46.3142,44.4,83,100,9.95
501,Bull Savanna,JM,2021-04-24 19:23:14,17.8868,-77.5902,82.69,61,16,16.91
502,San Policarpo,PH,2021-04-24 19:23:15,12.1791,125.5072,76.53,89,61,5.08
503,Kenora,CA,2021-04-24 19:23:15,49.8167,-94.4337,37.4,28,75,8.05
504,Karratha,AU,2021-04-24 19:23:16,-20.7377,116.8463,78.82,35,0,8.25
505,San Cristobal,VE,2021-04-24 19:20:06,7.7669,-72.225,89.6,55,40,13.8
506,Mabaruma,GY,2021-04-24 19:23:16,8.2,-59.7833,81.32,77,98,7.81
507,Kendal,GB,2021-04-24 19:23:16,54.3268,-2.7476,54.0,66,18,3.0
508,Clyde River,CA,2021-04-24 19:23:17,70.4692,-68.5914,17.6,100,75,9.22
509,Saquarema,BR,2021-04-24 19:23:17,-22.92,-42.5103,78.8,83,20,9.22
510,Miraflores,MX,2021-04-24 19:23:18,19.2167,-98.8083,80.6,17,1,4.61
511,Sola,VU,2021-04-24 19:23:18,-13.8833,167.55,82.38,76,100,17.0
512,Leon,MX,2021-04-24 19:20:25,21.1167,-101.6667,86.0,15,75,5.75
513,Ust-Tsilma,RU,2021-04-24 19:23:19,65.441,52.1498,41.9,90,72,4.65
514,Mpika,ZM,2021-04-24 19:23:19,-11.8343,31.4529,58.95,92,7,2.98
515,Fuerte Olimpo,PY,2021-04-24 19:23:19,-21.0415,-57.8738,91.44,36,100,10.25
516,Bilibino,RU,2021-04-24 19:23:20,68.0546,166.4372,23.54,95,100,1.32
517,Okhotsk,RU,2021-04-24 19:23:20,59.3833,143.3,12.69,72,46,16.42
518,Forestville,US,2021-04-24 19:23:21,38.8451,-76.875,64.99,34,40,10.36
519,Mbanza-Ngungu,CD,2021-04-24 19:23:21,-5.25,14.8667,68.81,96,100,1.59
520,Masallatah,LY,2021-04-24 19:23:21,32.6167,14.0,58.39,84,20,13.15
521,Kaeo,NZ,2021-04-24 19:23:22,-35.1,173.7833,54.0,96,21,1.01
522,Eyrarbakki,IS,2021-04-24 19:23:22,63.863,-21.1481,46.4,81,90,18.41
523,Wenling,CN,2021-04-24 19:23:23,28.3669,121.36,66.99,87,100,6.24
524,Yoichi,JP,2021-04-24 19:23:23,43.2039,140.7703,42.01,88,100,9.46
525,Ust-Ilimsk,RU,2021-04-24 19:23:23,58.0006,102.6619,32.38,99,100,1.39
526,Zhigansk,RU,2021-04-24 19:23:24,66.7697,123.3711,33.03,98,100,9.71
527,Petropavlovsk-Kamchatskiy,RU,2021-04-24 19:23:24,53.0452,158.6483,33.8,100,90,4.47
528,Vila Franca Do Campo,PT,2021-04-24 19:23:25,37.7167,-25.4333,59.0,82,75,9.22
529,Broken Hill,AU,2021-04-24 19:23:25,-31.95,141.4333,46.4,71,0,4.61
530,Kouango,CF,2021-04-24 19:23:25,4.9934,19.9619,74.01,86,30,5.21
531,Sabzevar,IR,2021-04-24 19:23:26,36.2126,57.6819,70.34,31,100,15.35
532,Beloha,MG,2021-04-24 19:23:26,-25.1667,45.05,75.27,63,13,14.05
533,Chernukha,RU,2021-04-24 19:23:26,55.5974,43.7556,37.81,95,100,12.12
534,Tecoanapa,MX,2021-04-24 19:23:27,16.5167,-98.75,85.69,55,97,10.71
535,Half Moon Bay,US,2021-04-24 19:23:27,37.4636,-122.4286,64.99,71,90,8.05
536,Avera,US,2021-04-24 19:23:28,33.194,-82.5271,64.99,90,90,9.22
537,Alvorada,BR,2021-04-24 19:23:28,-12.48,-49.1247,89.44,47,47,1.05
538,Bantry,IE,2021-04-24 19:23:28,51.6833,-9.45,59.0,41,0,14.97
539,Muhos,FI,2021-04-24 19:23:29,64.808,25.9931,35.6,87,90,9.22
540,Taoudenni,ML,2021-04-24 19:20:37,22.6783,-3.9836,95.72,9,2,10.65
541,Luorong,CN,2021-04-24 19:23:29,24.4058,109.6086,72.43,92,100,7.18
542,Ponezhukay,RU,2021-04-24 19:23:30,44.8876,39.3855,48.2,57,0,4.47
543,Ust-Ishim,RU,2021-04-24 19:23:30,57.6935,71.1665,42.57,57,100,4.41
544,Kostomuksha,RU,2021-04-24 19:23:30,64.571,30.5767,35.89,92,100,4.79
545,Haines Junction,CA,2021-04-24 19:23:31,60.7522,-137.5108,46.4,31,15,2.3
546,Bathsheba,BB,2021-04-24 19:23:31,13.2167,-59.5167,84.2,58,40,19.57
547,Oistins,BB,2021-04-24 19:23:32,13.0667,-59.5333,84.2,58,40,19.57
548,Cap Malheureux,MU,2021-04-24 19:23:32,-19.9842,57.6142,79.0,82,100,8.01
549,Neiafu,TO,2021-04-24 19:23:32,-18.65,-173.9833,75.2,88,40,10.71
550,Ringkobing,DK,2021-04-24 19:23:33,56.0901,8.244,39.99,71,6,16.37
551,Wau,SS,2021-04-24 19:23:33,7.7029,27.9953,85.6,47,100,3.6
552,Wasilla,US,2021-04-24 19:23:33,61.5814,-149.4394,53.01,40,1,0.81
553,Rock Sound,BS,2021-04-24 19:23:34,24.9,-76.2,77.88,75,83,14.74
554,Novikovo,RU,2021-04-24 19:23:34,51.1537,37.8879,38.28,64,0,11.99
555,Gabi,PH,2021-04-24 19:23:35,7.6215,126.092,73.89,92,79,0.89
556,Juneau,US,2021-04-24 19:23:00,58.3019,-134.4197,53.6,35,20,9.22
557,Grootfontein,NA,2021-04-24 19:23:35,-19.5667,18.1167,51.8,76,0,2.86
558,Floriano,BR,2021-04-24 19:23:36,-6.7669,-43.0225,83.88,72,100,3.6
559,Orapa,BW,2021-04-24 19:23:36,-21.2833,25.3667,66.0,24,0,1.1
560,Peace River,CA,2021-04-24 19:23:37,56.2501,-117.286,35.6,32,75,18.41
561,Paka,MY,2021-04-24 19:23:37,4.6374,103.4368,77.0,100,99,3.15
562,Riviere-Au-Renard,CA,2021-04-24 19:19:53,48.9957,-64.3971,48.2,40,40,14.97
